quantile,true_value,kll_value,kll_rank_err,tdigest_value,tdigest_rank_err
0.500000,54.515232,54.401323,0.003948,54.545482,0.000368
0.750000,81.634209,80.585743,0.004452,81.673975,0.000252
0.900000,117.389782,114.089546,0.006132,117.582000,0.000501
0.950000,146.124208,140.883223,0.004196,146.557882,0.000486
0.990000,219.933516,202.601629,0.006884,220.707676,0.000191
0.995000,256.089395,211.901067,0.003932,258.973422,0.000214
0.999000,347.273268,329.492206,0.000990,355.839072,0.000064
0.999900,515.074721,329.492206,0.000090,979.365446,0.000100
